filename,city count,christofides,christofides time,prims,prims time,my method,my method time
dataset\a280.tsp,280,3228.7969833940315,0.18101143836975098,1000000000000000000000,1000000000000000000000,3747.751357929809,0.5495538711547852
dataset\ali535.tsp,535,2580.4763959005886,0.7787625789642334,1000000000000000000000,1000000000000000000000,2801.5917392994706,2.258169174194336
dataset\att48.tsp,48,41456.07780173585,0.006997346878051758,1000000000000000000000,1000000000000000000000,37474.29440619674,0.014001131057739258
